날짜,발전기명,일일발전량(Wh),기온,강수,풍속,풍향,습도
2021.6.1,광양항광양냉장태양광,4244454,22.84999996,0,0.825,203.1666667,52.95833333
2021.6.2,광양항광양냉장태양광,3248909,22.20416667,0.520833333,1.070833333,149.7916667,69.41666667
2021.6.3,광양항광양냉장태양광,729910,15.99999983,0.395833333,1.1375,198.1666667,88.95833333
2021.6.4,광양항광양냉장태양광,4507685,20.31250004,0,1.6625,275.5833333,53.08333333
2021.6.5,광양항광양냉장태양광,4013043,21.27500004,0,1.275,240.9166667,80.70833333
2021.6.6,광양항광양냉장태양광,4278685,22.02916658,0,0.9125,224.625,74.20833333
2021.6.7,광양항광양냉장태양광,4040043,23.29166671,0,0.995833333,224.75,73.75
2021.6.8,광양항광양냉장태양광,4194316,23.85000004,0,1.1875,88.95833333,73.45833333
2021.6.9,광양항광양냉장태양광,4371249,24.91249983,0,1.095833333,118.7916667,53.95833333
2021.6.10,광양항광양냉장태양광,2115959,22.70833329,2.083333333,1.345833333,122.0833333,81.41666667
2021.6.11,광양항광양냉장태양광,1841160,22.04166667,0.083333333,1.033333333,105.75,92.66666667
2021.6.12,광양항광양냉장태양광,3770062,24.31250008,0,1.308333333,103.9166667,84.41666667
2021.6.13,광양항광양냉장태양광,3889625,24.21666675,0,1.308333333,128.6666667,81.5
2021.6.14,광양항광양냉장태양광,1880210,22.78333346,0,1.804166667,74.58333333,80.79166667
2021.6.15,광양항광양냉장태양광,686036,20.51249992,0.8125,3.891666667,48.79166667,90.5
2021.6.16,광양항광양냉장태양광,2777408,21.84583329,0,3.191666667,46.95833333,72.875
2021.6.17,광양항광양냉장태양광,2703646,21.34583333,0,0.9375,191.25,84.33333333
2021.6.18,광양항광양냉장태양광,1633372,21.96249992,0,0.720833333,240.625,84.91666667
2021.6.19,광양항광양냉장태양광,4575660,20.91666675,0,0.541666667,159.8333333,70.625
2021.6.20,광양항광양냉장태양광,4149963,25.0958335,0,1.141666667,253.125,58.125
2021.6.21,광양항광양냉장태양광,4247830,24.6291665,0,1.1875,150.9166667,65.625
2021.6.22,광양항광양냉장태양광,3604701,22.59166667,0,1.008333333,116.5416667,75.75
2021.6.23,광양항광양냉장태양광,2528159,21.74583346,0,0.995833333,123.3333333,78.45833333
2021.6.24,광양항광양냉장태양광,3578185,22.17083342,0,0.845833333,187.7083333,76.45833333
2021.6.25,광양항광양냉장태양광,4028472,23.57916692,0,0.8875,179.1666667,71.95833333
2021.6.26,광양항광양냉장태양광,3515031,23.37916658,0,1.058333333,131.625,68.375
2021.6.27,광양항광양냉장태양광,4015454,24.81666667,0,1.65,71.375,69.41666667
2021.6.28,광양항광양냉장태양광,3062332,24.22083329,0,1.1,146.0833333,76.70833333
2021.6.29,광양항광양냉장태양광,3387272,24.35416671,0,0.9125,148.7083333,70.625
2021.6.30,광양항광양냉장태양광,3349187,24.37083329,0,1.416666667,87.29166667,69.95833333
2021.7.1,광양항광양냉장태양광,4222279,26.13750008,0,1.033333333,147.0416667,71.625
2021.7.2,광양항광양냉장태양광,3291333,22.41250008,-0.041666667,1.85,73.125,67.91666667
2021.7.3,광양항광양냉장태양광,428110,23.32500013,2.25,2.175,168.2916667,93.875
2021.7.4,광양항광양냉장태양광,2781747,23.26250017,0.333333333,1.575,240.875,88.5
2021.7.5,광양항광양냉장태양광,521155,22.37916654,6.6875,0.966666667,197.5,98.25
2021.7.6,광양항광양냉장태양광,252141,23.61249983,4.041666667,0.954166667,209.7916667,98.5
2021.7.7,광양항광양냉장태양광,987832,24.74166683,1.5625,0.879166667,165.2916667,96.91666667
2021.7.8,광양항광양냉장태양광,2019057,25.41666642,0,0.941666667,219.625,93.25
2021.7.9,광양항광양냉장태양광,2796208,25.53333325,0.3125,1.141666667,237.2083333,88.70833333
2021.7.10,광양항광양냉장태양광,3091259,26.07916667,0,1.1125,248.3333333,84.45833333
2021.7.11,광양항광양냉장태양광,3279759,27.65000021,0,1.054166667,220.0416667,84.33333333
2021.7.12,광양항광양냉장태양광,3919998,24.55416662,-0.041666667,0.879166667,189.4583333,78.79166667
2021.7.13,광양항광양냉장태양광,4167318,28.34583325,0,1.1375,207.125,81.29166667
2021.7.14,광양항광양냉장태양광,3728602,27.62083325,0,1.108333333,211.7916667,80.95833333
2021.7.15,광양항광양냉장태양광,3486585,27.67500013,0,0.929166667,138.75,82.125
2021.7.16,광양항광양냉장태양광,3306277,26.04583337,0.020833333,1.245833333,160.4583333,79.33333333
2021.7.17,광양항광양냉장태양광,2866597,26.03333321,0.020833333,2.6625,61.375,78.16666667
2021.7.18,광양항광양냉장태양광,3232032,26.45000008,0.020833333,2.233333333,62.33333333,78.125
2021.7.19,광양항광양냉장태양광,3228177,27.3375,0,1.908333333,59.95833333,77.79166667
2021.7.20,광양항광양냉장태양광,2135727,27.38750017,0,1.879166667,48.79166667,72.75
2021.7.21,광양항광양냉장태양광,3079689,28.21249983,0,2.4,226.8333333,69.04166667
2021.7.22,광양항광양냉장태양광,3392093,28.13333337,0,2.391666667,57.41666667,70.16666667
2021.7.23,광양항광양냉장태양광,3789831,28.58333346,0,2.158333333,65.08333333,69.54166667
2021.7.24,광양항광양냉장태양광,3657249,28.325,0,2.6,62.125,68.08333333
2021.7.25,광양항광양냉장태양광,3991832,28.25833321,0,2.904166667,60.58333333,65.20833333
2021.7.26,광양항광양냉장태양광,3769099,27.68333321,0,2.3,67.58333333,67.45833333
2021.7.27,광양항광양냉장태양광,4281576,28.47083337,0,1.233333333,79.375,71.70833333
2021.7.28,광양항광양냉장태양광,4158159,28.55833342,0,0.9875,169.125,69.75
2021.7.29,광양항광양냉장태양광,3840934,28.06666679,0,0.870833333,221.5833333,73.54166667
2021.7.30,광양항광양냉장태양광,4044864,28.72499988,0.041666667,1.075,206.2916667,76.29166667
2021.7.31,광양항광양냉장태양광,3708352,29.67916671,0,1.0125,226.8333333,76.33333333
2021.8.1,광양항광양냉장태양광,3834181,28.97499975,1,0.983333333,207.625,78.83333333
2021.8.2,광양항광양냉장태양광,3340025,28.2375,0,0.816666667,153.9583333,82.54166667
2021.8.3,광양항광양냉장태양광,2729678,27.55833317,0.020833333,0.566666667,151,81.58333333
2021.8.4,광양항광양냉장태양광,3988939,29.34999954,0,0.858333333,222.2916667,68.25
2021.8.5,광양항광양냉장태양광,3843345,30.01666667,0,0.820833333,162.1666667,71.83333333
2021.8.6,광양항광양냉장태양광,3960496,30.01666692,0,0.9,187.75,63.79166667
2021.8.7,광양항광양냉장태양광,3837076,29.50833321,0,1.4875,135.2916667,69.95833333
2021.8.8,광양항광양냉장태양광,1540327,26.00000017,0.3125,1.408333333,135.7083333,80.45833333
2021.8.9,광양항광양냉장태양광,2961573,23.27916671,3.1875,0.908333333,158.5416667,78.75
2021.8.10,광양항광양냉장태양광,3212749,22.82916675,-0.041666667,0.9,139.625,79.79166667
2021.8.11,광양항광양냉장태양광,3033888,25.6458335,0,1.4875,102.125,80.375
2021.8.12,광양항광양냉장태양광,2775961,26.13333354,0.041666667,1.525,57.58333333,81.29166667
2021.8.13,광양항광양냉장태양광,1322897,24.39583333,0.270833333,1.9,46.625,84.83333333
2021.8.14,광양항광양냉장태양광,1792948,23.67916675,0.0625,1.554166667,63.83333333,77.16666667
2021.8.15,광양항광양냉장태양광,3692925,25.6875,0,2.429166667,60.70833333,72.125
2021.8.16,광양항광양냉장태양광,2596137,25.5625,0,2.779166667,56.83333333,67.54166667
2021.8.17,광양항광양냉장태양광,2580225,25.38333333,0,1.866666667,72.29166667,70.375
2021.8.18,광양항광양냉장태양광,3803329,25.04999979,0.020833333,1.833333333,76.33333333,69.95833333
2021.8.19,광양항광양냉장태양광,3793206,24.23333346,0.333333333,1.120833333,187.25,80.41666667
2021.8.20,광양항광양냉장태양광,3746922,25.34999992,0.916666667,1.7375,120.7083333,82.75
2021.8.21,광양항광양냉장태양광,255515,23.18750021,1.6875,0.916666667,240.375,96.54166667
2021.8.22,광양항광양냉장태양광,3239263,25.775,0.458333333,0.975,221.25,84.79166667
2021.8.23,광양항광양냉장태양광,972888,23.90833308,3.541666667,1.679166667,137.5,96.58333333
2021.8.24,광양항광양냉장태양광,1270347,25.525,0.4375,1.4625,234.25,92.54166667
2021.8.25,광양항광양냉장태양광,720747,24.65833333,0.854166667,0.304166667,213.0416667,96.29166667
2021.8.26,광양항광양냉장태양광,3756564,26.39999996,0,0.591666667,201.875,79.25
2021.8.27,광양항광양냉장태양광,2423542,26.20833333,0.125,1.358333333,257.2916667,85.16666667
2021.8.28,광양항광양냉장태양광,2873349,26.27916667,0.041666667,0.754166667,204.75,82.5
2021.8.29,광양항광양냉장태양광,2308320,25.88333342,0.854166667,0.8625,209.3333333,92.79166667
2021.8.30,광양항광양냉장태양광,3022801,25.73750004,0.5,0.566666667,166.1666667,87.5
2021.8.31,광양항광양냉장태양광,3107168,26.76666667,0.041666667,0.933333333,223.0416667,81.875
2021.9.1,광양항광양냉장태양광,1193692,24.47499992,1.645833333,1.7875,152.2916667,90
2021.9.2,광양항광양냉장태양광,1105951,21.07083337,0.3125,1.945833333,72.79166667,92.45833333
2021.9.3,광양항광양냉장태양광,2142957,22.15416671,0,2.7125,52.5,79.625
2021.9.4,광양항광양냉장태양광,2641938,23.24166671,0,2.054166667,60.29166667,74.5
2021.9.5,광양항광양냉장태양광,1141144,21.19166675,0.291666667,2.775,41.83333333,79.75
2021.9.6,광양항광양냉장태양광,541405,21.14999992,0.4375,2.279166667,59.125,86.70833333
2021.9.7,광양항광양냉장태양광,998923,22.32499979,0.083333333,1.116666667,239,87.66666667
2021.9.8,광양항광양냉장태양광,3422946,19.77083325,-0.041666667,0.420833333,172.9166667,76.33333333
2021.9.9,광양항광양냉장태양광,2889738,23.88333333,0.041666667,0.620833333,194.375,80.58333333
2021.9.10,광양항광양냉장태양광,907805,21.85833329,0.020833333,0.391666667,134.6666667,90.5
2021.9.11,광양항광양냉장태양광,3581558,24.50000025,0,0.658333333,210.7916667,79.625
2021.9.12,광양항광양냉장태양광,2953377,24.75416663,0,2.15,61.16666667,70.875
2021.9.13,광양항광양냉장태양광,1643015,22.77916679,0.333333333,3.779166667,53.75,74.25
2021.9.14,광양항광양냉장태양광,1117038,22.13749992,0.041666667,4.504166667,45.83333333,74.08333333
2021.9.15,광양항광양냉장태양광,2850688,22.99166683,0,4.404166667,51.33333333,61.75
2021.9.16,광양항광양냉장태양광,912624,21.54583338,0.291666667,4.566666667,46,80.29166667
2021.9.17,광양항광양냉장태양광,1330609,22.32499979,0,1.116666667,50.625,87.66666667
2021.9.18,광양항광양냉장태양광,2414385,22.51249979,0,1.1,123.7083333,74.375
2021.9.19,광양항광양냉장태양광,3707390,22.74583321,0,1.954166667,58.16666667,71.125
2021.9.20,광양항광양냉장태양광,2141513,24.27916688,0.125,2.208333333,112.5833333,80.04166667
2021.9.21,광양항광양냉장태양광,1537917,22.10416658,0,0.891666667,204.7083333,87.04166667
2021.9.22,광양항광양냉장태양광,3056548,22.55000008,0.208333333,1.058333333,245.7916667,74.375
2021.9.23,광양항광양냉장태양광,3348702,21.72916667,0,1.308333333,264.5416667,65.20833333
2021.9.24,광양항광양냉장태양광,3403182,22.33750012,0,2.308333333,55.04166667,67.70833333
2021.9.25,광양항광양냉장태양광,1709546,19.33749979,-0.041666667,2.45,48.54166667,69.79166667
2021.9.26,광양항광양냉장태양광,2306876,21.96249992,0,2.429166667,51.875,65.79166667
2021.9.27,광양항광양냉장태양광,3289886,22.47083354,0,2.225,52.66666667,68.95833333
2021.9.28,광양항광양냉장태양광,1302167,22.27500004,0.458333333,0.783333333,108.625,84.66666667
2021.9.29,광양항광양냉장태양광,941070,22.24166667,1.6875,0.675,166.1666667,95.58333333
2021.9.30,광양항광양냉장태양광,2588423,21.68333317,0,1.1875,125,81.33333333
2021.10.1,광양항광양냉장태양광,3332794,22.75833333,0,0.708333333,215.7083333,75.91666667
2021.10.2,광양항광양냉장태양광,3319296,23.18749979,0,0.695833333,214.375,75.29166667
2021.10.3,광양항광양냉장태양광,3228178,24.25000008,0,0.9125,128.375,75.54166667
2021.10.4,광양항광양냉장태양광,2893113,21.29999992,-0.041666667,1.133333333,223.125,75.25
2021.10.5,광양항광양냉장태양광,3207445,24.07916679,0,0.820833333,142.4166667,79.16666667
2021.10.6,광양항광양냉장태양광,3076313,23.39166688,0,0.7875,159.5,78.16666667
2021.10.7,광양항광양냉장태양광,2686289,23.28750017,0,0.729166667,204.0833333,76
2021.10.8,광양항광양냉장태양광,2100531,23.29583321,0,2.0125,57.25,77.875
2021.10.9,광양항광양냉장태양광,3006408,23.6875,0,1.2125,105.4166667,78.41666667
2021.10.10,광양항광양냉장태양광,1828142,23.62499979,1.604166667,0.825,233.1666667,87.70833333
2021.10.11,광양항광양냉장태양광,519227,18.14583321,0.3125,2.425,74.29166667,92.375
2021.10.12,광양항광양냉장태양광,1407265,17.89583338,0,3.429166667,50.04166667,78.29166667
2021.10.13,광양항광양냉장태양광,2359905,20.3208335,0,1.654166667,87.625,74.33333333
2021.10.14,광양항광양냉장태양광,2906613,21.22916671,0,0.854166667,247.75,69.79166667
2021.10.15,광양항광양냉장태양광,2211416,20.04166671,0.416666667,0.7875,164.6666667,77.25
2021.10.16,광양항광양냉장태양광,807045,10.52083333,0.0625,1.6,247.7083333,57.75
2021.10.17,광양항광양냉장태양광,3501050,9.204166667,0,0.895833333,233.2916667,49.70833333
2021.10.18,광양항광양냉장태양광,3364614,12.9875,0,0.829166667,213.625,48.875
2021.10.19,광양항광양냉장태양광,2923487,12.39583338,0,1.404166667,285.1666667,56.79166667
2021.10.20,광양항광양냉장태양광,2297713,11.8375,0,0.65,228.4583333,58.08333333
2021.10.21,광양항광양냉장태양광,2579264,13.25416663,0,0.9625,238.75,54.20833333
2021.10.22,광양항광양냉장태양광,3276871,12.67083337,0,1.179166667,228.4583333,49.66666667
2021.10.23,광양항광양냉장태양광,3169359,13.57083342,0,0.766666667,157.2083333,58.95833333
2021.10.24,광양항광양냉장태양광,2360869,14.57083333,0,0.529166667,216.0833333,63.875
2021.10.25,광양항광양냉장태양광,3059440,14.47083329,0,0.7,240.9166667,60.04166667
2021.10.26,광양항광양냉장태양광,2847797,14.92916667,0,0.583333333,223.7083333,56.29166667
2021.10.27,광양항광양냉장태양광,2685326,14.85833342,0,1.370833333,272.7916667,57.91666667
2021.10.28,광양항광양냉장태양광,2974108,16.37083333,0,1.9375,56.625,48.16666667
2021.10.29,광양항광양냉장태양광,2769695,12.50416662,-0.041666667,1.4625,117.125,53.79166667
2021.10.30,광양항광양냉장태양광,1327238,14.10416679,0,0.645833333,162.4166667,69.5
2021.10.31,광양항광양냉장태양광,2737392,16.23333333,0,0.6,197.3333333,63.91666667
2021.11.1,광양항광양냉장태양광,2464521,14.77083338,0,0.725,251.0833333,59.20833333
2021.11.2,광양항광양냉장태양광,2680507,13.29583329,0,1.091666667,248.7916667,61.16666667
2021.11.3,광양항광양냉장태양광,2680986,14.07499992,0,0.891666667,261.1666667,54.91666667
2021.11.4,광양항광양냉장태양광,2615902,15.00416671,0,0.579166667,191.5,61.54166667
2021.11.5,광양항광양냉장태양광,1879245,16.42083346,0,2.570833333,44.95833333,51.08333333
2021.11.6,광양항광양냉장태양광,2392208,16.77916675,0,2.366666667,55.125,55.95833333
2021.11.7,광양항광양냉장태양광,2563837,17.64166683,0.75,2.475,83.70833333,62.5
2021.11.8,광양항광양냉장태양광,579491,8.595833333,0.4375,1.766666667,266.9583333,73.5
2021.11.9,광양항광양냉장태양광,1630963,8.495833333,0,2.6375,269.4166667,66.58333333
2021.11.10,광양항광양냉장태양광,1698938,8.55,0.041666667,1.9625,272.875,79.91666667
2021.11.11,광양항광양냉장태양광,1456924,7.825,0,1.691666667,276.0833333,72.58333333
2021.11.12,광양항광양냉장태양광,1697011,7.045833333,0,0.970833333,284.4583333,72.95833333
2021.11.13,광양항광양냉장태양광,2083660,10.95833333,0,0.929166667,238.875,67.125
2021.11.14,광양항광양냉장태양광,2057625,12.24166662,0,0.891666667,266.6666667,67.79166667
2021.11.15,광양항광양냉장태양광,2310249,12.3375,0,0.5875,245.3333333,61.16666667
2021.11.16,광양항광양냉장태양광,1898048,11.375,0,0.720833333,255.2916667,51.70833333
2021.11.17,광양항광양냉장태양광,2410526,11.3,0,0.920833333,252.2083333,47.20833333
2021.11.18,광양항광양냉장태양광,2322784,11.89583321,0,0.708333333,229.7916667,66.25
2021.11.19,광양항광양냉장태양광,2416794,13.31250004,0,0.729166667,228.75,64.54166667
2021.11.20,광양항광양냉장태양광,2148260,13.49583337,0,0.6,203.0416667,64.70833333
2021.11.21,광양항광양냉장태양광,957460,11.24999996,-0.041666667,1.325,237.5833333,65.66666667
2021.11.22,광양항광양냉장태양광,1695083,5.575,0,2.1125,,61.875
2021.11.23,광양항광양냉장태양광,1728830,5.158333333,0,1.970833333,268.7916667,73
2021.11.24,광양항광양냉장태양광,1893229,9.125,0,0.925,259.6666667,62.625
2021.11.25,광양항광양냉장태양광,2027253,7.620833333,-0.041666667,1.6,250.2916667,51.625
2021.11.26,광양항광양냉장태양광,2434149,8.1,0,1.1625,232.9583333,49.5
2021.11.27,광양항광양냉장태양광,2366173,7.179166667,0,0.6375,174.4583333,51.41666667
2021.11.28,광양항광양냉장태양광,2327604,9.2375,0,0.55,218.375,60.45833333
2021.11.29,광양항광양냉장태양광,2141510,11.52916671,0.479166667,0.7625,217.25,66.91666667
2021.11.30,광양항광양냉장태양광,419914,6.841666667,0.125,3.258333333,278.8333333,74.66666667
2021.12.1,광양항광양냉장태양광,1609749,1.866666667,0,1.716666667,251.7083333,56.875
2021.12.2,광양항광양냉장태양광,2287105,5.783333333,0,1.2,266.25,63.83333333
2021.12.3,광양항광양냉장태양광,1653620,5.3125,0,2.170833333,284.5416667,52.54166667
2021.12.4,광양항광양냉장태양광,1301685,5.779166667,0,0.966666667,250.125,63.79166667
2021.12.5,광양항광양냉장태양광,1597695,8.45,0,0.695833333,107.7083333,63.08333333
2021.12.6,광양항광양냉장태양광,2138618,9.983333333,0,0.6375,184.125,70.29166667
2021.12.7,광양항광양냉장태양광,2200809,10.37916667,0,1.125,157.5833333,53.75
2021.12.8,광양항광양냉장태양광,2264448,8.958333333,0,1.204166667,119.5,59.375
2021.12.9,광양항광양냉장태양광,1265526,10.4,0,0.854166667,76.125,67.83333333
2021.12.10,광양항광양냉장태양광,1496455,10.85833329,0,1.3125,281.7916667,67.375
2021.12.11,광양항광양냉장태양광,1974221,10.42916667,0,1.154166667,248.4583333,61.25
2021.12.12,광양항광양냉장태양광,1224547,3.854166667,0,3.270833333,291.9583333,48.625
2021.12.13,광양항광양냉장태양광,2429810,1.916666667,0,1.125,266.1666667,35.29166667
2021.12.14,광양항광양냉장태양광,1992542,5.904166667,0,0.883333333,247.7083333,58.66666667
2021.12.15,광양항광양냉장태양광,1396177,9.3875,0.020833333,0.841666667,245.0833333,70.41666667
2021.12.16,광양항광양냉장태양광,673017,7.583333333,0.041666667,1.979166667,211.7083333,71.91666667
2021.12.17,광양항광양냉장태양광,1613605,-2.591666667,0,3.158333333,286.9583333,52.91666667
2021.12.18,광양항광양냉장태양광,2432704,1.370833333,0,1.783333333,275.2083333,56.375
2021.12.19,광양항광양냉장태양광,2229737,3.7375,0,1.745833333,275.4583333,54.16666667
2021.12.20,광양항광양냉장태양광,1926973,8.604166667,0,1.054166667,210,60.70833333
2021.12.21,광양항광양냉장태양광,1960240,8.925,0,1.354166667,284.7916667,54.04166667
2021.12.22,광양항광양냉장태양광,2136210,7.6875,0,0.583333333,188.5,42.58333333
2021.12.23,광양항광양냉장태양광,2005075,7.391666667,0,0.566666667,154.8333333,39.33333333
2021.12.24,광양항광양냉장태양광,985905,3.466666667,0,2.570833333,250.125,51.5
2021.12.25,광양항광양냉장태양광,2377743,-4.604166667,0,2.595833333,288.875,41.33333333
2021.12.26,광양항광양냉장태양광,2411975,-4.291666667,0,1.854166667,255.2916667,46.16666667
2021.12.27,광양항광양냉장태양광,2295784,1.283333333,0,1.533333333,228.9583333,58.375
2021.12.28,광양항광양냉장태양광,2032073,4.520833333,0,1.091666667,241.5416667,56.83333333
2021.12.29,광양항광양냉장태양광,1351823,5.1,0,3.475,277.0833333,50.75
2021.12.30,광양항광양냉장태양광,2066785,1.2,0,3.708333333,279.5,51.125
2021.12.31,광양항광양냉장태양광,2439934,-1.175,0,2.4125,277.6666667,38.95833333
2022.1.1,광양항광양냉장태양광,2327121,1.841666667,0,0.583333333,231.375,34.58333333
2022.1.2,광양항광양냉장태양광,2043160,2.825,0,1.591666667,284.7083333,54.45833333
2022.1.3,광양항광양냉장태양광,2379190,3.470833333,0,1.325,232.5833333,46.54166667
2022.1.4,광양항광양냉장태양광,2246128,4.1125,0,1.575,262.1666667,31.41666667
2022.1.5,광양항광양냉장태양광,674466,4.895833333,0,0.729166667,211.0833333,55.875
2022.1.6,광양항광양냉장태양광,2410044,1.304166667,-0.041666667,1.558333333,271.5833333,30.29166667
2022.1.7,광양항광양냉장태양광,2378224,3.379166667,0,0.741666667,250,30.75
2022.1.8,광양항광양냉장태양광,2414384,4.445833333,0,1.166666667,185.3333333,47.83333333
2022.1.9,광양항광양냉장태양광,1635301,4.445833333,0,0.5125,188.75,63.95833333
2022.1.10,광양항광양냉장태양광,1946741,5.466666667,0,2.4625,253.1666667,50.04166667
2022.1.11,광양항광양냉장태양광,2486700,-2.375,0,4.058333333,291.4166667,45.79166667
2022.1.12,광양항광양냉장태양광,2545999,-0.741666667,0,2.620833333,276.2083333,41.83333333
2022.1.13,광양항광양냉장태양광,2325193,-1.6375,0,3.583333333,287.4166667,47.20833333
2022.1.14,광양항광양냉장태양광,2548410,1.779166667,0,0.591666667,227.4166667,30.95833333
2022.1.15,광양항광양냉장태양광,2276981,4.995833333,0,1.279166667,261.0833333,53.25
2022.1.16,광양항광양냉장태양광,2242271,1.058333333,0,3.4625,289.75,48.29166667
2022.1.17,광양항광양냉장태양광,1907208,0.391666667,0,3.066666667,287.9583333,45
2022.1.18,광양항광양냉장태양광,2617830,0.0875,0,0.8125,237.8333333,30.41666667
2022.1.19,광양항광양냉장태양광,2281323,1.308333333,0,1.8125,259.4583333,46.625
2022.1.20,광양항광양냉장태양광,2498269,1.545833333,0,0.733333333,198.625,40.54166667
2022.1.21,광양항광양냉장태양광,2268786,4.05,0,0.683333333,153.7083333,48.75
2022.1.22,광양항광양냉장태양광,1635782,7.666666667,0,0.775,98.79166667,56.79166667
2022.1.23,광양항광양냉장태양광,1108841,8.633333333,0,2.125,75.625,59
2022.1.24,광양항광양냉장태양광,1507061,6.4125,0,2.154166667,62.79166667,50.04166667
2022.1.25,광양항광양냉장태양광,540441,5.183333333,0,1.554166667,256.1666667,62.83333333
2022.1.26,광양항광양냉장태양광,2276020,5.0875,0,1.358333333,268.1666667,50.33333333
2022.1.27,광양항광양냉장태양광,2254806,4.183333333,0,1.391666667,261.875,38.75
2022.1.28,광양항광양냉장태양광,2636151,3.15,0,2.383333333,279.3333333,33.125
2022.1.29,광양항광양냉장태양광,2108729,2.491666667,0,1.666666667,266.1666667,28.875
2022.1.30,광양항광양냉장태양광,2157422,1.883333333,0,1.716666667,253.0416667,30.5
2022.1.31,광양항광양냉장태양광,2717143,3.8375,0,1.733333333,257.9583333,43.25
2022.2.1,광양항광양냉장태양광,2300123,1.870833333,0,3.179166667,286.375,51.95833333
2022.2.2,광양항광양냉장태양광,2014237,1.825,0,2.754166667,284.9166667,45.58333333
2022.2.3,광양항광양냉장태양광,2805370,1.845833333,0,2.508333333,284.4583333,32.20833333
2022.2.4,광양항광양냉장태양광,2637597,0.320833333,0,3.145833333,285.9583333,50.5
2022.2.5,광양항광양냉장태양광,2878170,-1.516666667,0,3.358333333,283.7083333,49.625
2022.2.6,광양항광양냉장태양광,2205150,0.320833333,0,2.3,245.3333333,53.08333333
2022.2.7,광양항광양냉장태양광,1153679,1.308333333,0,0.841666667,226.0833333,37
2022.2.8,광양항광양냉장태양광,2695450,3.45,0,1.1625,223.7083333,42.29166667
2022.2.9,광양항광양냉장태양광,2096193,6.7,0,0.841666667,210.4583333,42.25
2022.2.10,광양항광양냉장태양광,2782229,5.320833333,0,1.7625,270.375,35.33333333
2022.2.11,광양항광양냉장태양광,2790909,7,0,0.758333333,202,35.375
2022.2.12,광양항광양냉장태양광,2623134,8.920833333,0,1.9,86.16666667,40.20833333
2022.2.13,광양항광양냉장태양광,2034965,9.095833333,0,1.625,85.45833333,47.83333333
2022.2.14,광양항광양냉장태양광,1710029,6.341666667,0,2.866666667,248.625,47.79166667
2022.2.15,광양항광양냉장태양광,2956753,-1.170833333,0,4.1375,286.25,55.70833333
2022.2.16,광양항광양냉장태양광,2292411,-3.7625,0,4.120833333,287.125,52.875
2022.2.17,광양항광양냉장태양광,3030513,-1.254166667,0,2.433333333,173.7083333,31.45833333
2022.2.18,광양항광양냉장태양광,2931683,4.6375,0,1.5625,131.9583333,48.875
2022.2.19,광양항광양냉장태양광,1577931,1.245833333,0,3.433333333,285.8333333,50.375
2022.2.20,광양항광양냉장태양광,3418608,-1.845833333,0,3.0375,277.0833333,47.125
2022.2.21,광양항광양냉장태양광,2946626,2.1375,0,3.225,280.75,42.75
2022.2.22,광양항광양냉장태양광,3106687,0.15,0,3.120833333,289.3333333,38.70833333
2022.2.23,광양항광양냉장태양광,2890702,-0.883333333,0,3.425,262.8333333,34.79166667
2022.2.24,광양항광양냉장태양광,3363648,2.0625,0,2.620833333,248.3333333,44.5
2022.2.25,광양항광양냉장태양광,3183822,5.383333333,0,2.283333333,279.1666667,53.29166667
2022.2.26,광양항광양냉장태양광,2936987,7.120833333,0,3.470833333,256.125,47.25
2022.2.27,광양항광양냉장태양광,3300011,6.7125,0,2.241666667,257.9166667,26.75
2022.2.28,광양항광양냉장태양광,2228290,9.729166667,0.2875,1.033333333,201.625,49
2022.3.1,광양항광양냉장태양광,2411973,6.995833333,0,3.3375,280.3333333,57.75
2022.3.2,광양항광양냉장태양광,3686658,5.641666667,0,2.733333333,252.5,48
2022.3.3,광양항광양냉장태양광,3390647,8.454166667,0,1.65,260.375,60.91666667
2022.3.4,광양항광양냉장태양광,2384493,10.2,0,3.204166667,262.875,57.875
2022.3.5,광양항광양냉장태양광,3674124,3.520833333,0,4.6875,289.25,34.625
2022.3.6,광양항광양냉장태양광,3778742,5.4,0,2.525,264.25,29.5
2022.3.7,광양항광양냉장태양광,2792353,6.783333333,0,1.35,240.2083333,37.83333333
2022.3.8,광양항광양냉장태양광,3397397,9.695833333,0,1.6375,229.0833333,40.04166667
2022.3.9,광양항광양냉장태양광,3392575,9.945833292,0,1.1625,177.0833333,43.54166667
2022.3.10,광양항광양냉장태양광,2847315,12.1875,0,1.5125,256.875,57.875
2022.3.11,광양항광양냉장태양광,1376412,15.00416658,0,1.191666667,246.1666667,73.70833333
2022.3.12,광양항광양냉장태양광,2977483,17.16250004,0.083333333,1.9875,253.4583333,74.16666667
2022.3.13,광양항광양냉장태양광,337474,13.9375,0.379166667,1.533333333,195.4166667,95.625
2022.3.14,광양항광양냉장태양광,338437,9.591666667,0.008333333,1.941666667,247.25,79.91666667
2022.3.15,광양항광양냉장태양광,3537688,11.55416675,0,1.370833333,221.5833333,52.04166667
2022.3.16,광양항광양냉장태양광,3568060,14.87916671,0,1.758333333,170.7916667,43.29166667
2022.3.17,광양항광양냉장태양광,786794,9.2375,0.670833333,5.316666667,66.875,80.25
2022.3.18,광양항광양냉장태양광,1691225,6.933333333,0.191666667,2.7625,108.25,79.79166667
2022.3.19,광양항광양냉장태양광,2159833,4.866666667,0.025,2.0875,266.375,71.125
2022.3.20,광양항광양냉장태양광,2805371,6.85,0,2.2,235.7083333,56.625
2022.3.21,광양항광양냉장태양광,2565763,6.6125,-0.041666667,1.108333333,206.7083333,46.95833333
2022.3.22,광양항광양냉장태양광,3356418,9.6,0,1.8,126.8333333,52.45833333
2022.3.23,광양항광양냉장태양광,2205631,8.445833333,0,2.045833333,262.7083333,50.375
2022.3.24,광양항광양냉장태양광,3585417,11.20000004,0,1.291666667,204.875,58.70833333
2022.3.25,광양항광양냉장태양광,1131019,14.85833337,4.308333292,3.158333333,136.25,85
2022.3.26,광양항광양냉장태양광,2702681,11.47916667,0,3.05,245.3333333,72.54166667
2022.3.27,광양항광양냉장태양광,3812490,11.02916675,0,3.179166667,239.0416667,33.41666667
2022.3.28,광양항광양냉장태양광,3278317,9.3125,0,1.3875,125.625,54.83333333
2022.3.29,광양항광양냉장태양광,4035222,11.70416662,0,1.358333333,212.875,58.25
2022.3.30,광양항광양냉장태양광,2441863,16.08749992,0,1.375,216.125,74.16666667
2022.3.31,광양항광양냉장태양광,2568173,9.229166625,-0.029166667,2.716666667,145.9166667,69.54166667
2022.4.1,광양항광양냉장태양광,3755119,10.725,0,1.35,176.75,55.16666667
2022.4.2,광양항광양냉장태양광,4195280,10.18333333,0,1.929166667,250.125,45.08333333
2022.4.3,광양항광양냉장태양광,4015456,11.27083346,0,1.3375,214.75,49.04166667
2022.4.4,광양항광양냉장태양광,4041970,12.65000004,0,1.629166667,210,42.66666667
2022.4.5,광양항광양냉장태양광,3245051,13.97916675,0,2.133333333,242.375,26.83333333
2022.4.6,광양항광양냉장태양광,3854914,14.81666675,0.004166667,1.566666667,232.625,50.20833333
2022.4.7,광양항광양냉장태양광,3618201,14.68333342,0,2.445833333,273.25,37.33333333
2022.4.8,광양항광양냉장태양광,4009669,14.65833338,0,1.645833333,230.75,59.54166667
2022.4.9,광양항광양냉장태양광,3905534,11.93749992,-0.083333333,1.745833333,244.5833333,47.125
2022.4.10,광양항광양냉장태양광,3942175,18.7,0,1.5375,226.375,70.125
2022.4.11,광양항광양냉장태양광,1530200,18.75416667,0,1.391666667,215.125,80.08333333
2022.4.12,광양항광양냉장태양광,3822129,19.62916667,0,1.720833333,215.8333333,79
2022.4.13,광양항광양냉장태양광,941551,13.20416667,0,3.983333333,73,80.16666667
2022.4.14,광양항광양냉장태양광,2418724,13.0125,0,3.841666667,68.75,64.125
2022.4.15,광양항광양냉장태양광,3865522,13.11666667,0,2,179.25,63.375
2022.4.16,광양항광양냉장태양광,4088734,12.60833329,0,1.575,214.4166667,56.33333333
2022.4.17,광양항광양냉장태양광,4289290,16.19166675,0,1.345833333,234.2083333,39.16666667
2022.4.18,광양항광양냉장태양광,3125971,17.24166667,0,1.429166667,234.8333333,29.79166667
2022.4.19,광양항광양냉장태양광,4038595,17.58333321,0,1.4875,227.9583333,27.625
2022.4.20,광양항광양냉장태양광,4105125,17.67916654,0,1.454166667,206.25,34.45833333
2022.4.21,광양항광양냉장태양광,1286258,12.42500004,0.2375,1.079166667,261.8333333,89.08333333
2022.4.22,광양항광양냉장태양광,4114768,17.67499988,0,1.925,215.125,71.20833333
2022.4.23,광양항광양냉장태양광,2404741,18.39999992,0,1.625,140.875,67.375
2022.4.24,광양항광양냉장태양광,3996169,20.99583346,0,1.591666667,185.8333333,66.91666667
2022.4.25,광양항광양냉장태양광,3021835,20.38333337,1.870833333,1.845833333,153.5833333,75.45833333
2022.4.26,광양항광양냉장태양광,353382,17.45833342,0.104166667,1.429166667,224.0833333,89.91666667
2022.4.27,광양항광양냉장태양광,3866484,16.98333325,0,1.633333333,164.0416667,63.125
2022.4.28,광양항광양냉장태양광,3549261,16.41250017,0.708333333,2.725,77.75,63.20833333
2022.4.29,광양항광양냉장태양광,1492598,12.59583333,0.004166667,2.5375,79.08333333,68.875
2022.4.30,광양항광양냉장태양광,2653027,13.93749988,0,2.066666667,255.625,61.04166667
2022.5.1,광양항광양냉장태양광,4558305,13.51304339,0,1.875,244.8695652,41.26086957
2022.5.2,광양항광양냉장태양광,3910357,14.06249992,0,1.870833333,248.75,47.5
2022.5.3,광양항광양냉장태양광,4518773,14.70833342,0,1.683333333,234.25,53.04166667
2022.5.4,광양항광양냉장태양광,4484542,16.6375,0,1.329166667,240.4166667,61.41666667
2022.5.5,광양항광양냉장태양광,4515878,18.45833346,0,1.45,230.4166667,64.375
2022.5.6,광양항광양냉장태양광,4267595,20.28749992,0,1.654166667,211.9583333,68.625
2022.5.7,광양항광양냉장태양광,4143695,19.96249975,0,2.95,181.0416667,59.16666667
2022.5.8,광양항광양냉장태양광,3783080,17.01666671,0,2.054166667,153.9166667,56.08333333
2022.5.9,광양항광양냉장태양광,3276869,17.22083338,0,2.570833333,72.91666667,42.66666667
2022.5.10,광양항광양냉장태양광,3235408,17.97500004,0,1.633333333,161.0833333,50.125
2022.5.11,광양항광양냉장태양광,2276019,19.62083308,0,1.045833333,223.1666667,63.33333333
2022.5.12,광양항광양냉장태양광,2326158,20.87916667,0,1.3375,172.125,75.04166667
2022.5.13,광양항광양냉장태양광,555866,16.38333338,0.05,1.270833333,225.7083333,73.58333333
2022.5.14,광양항광양냉장태양광,4134053,14.37499996,-0.041666667,1.895833333,260.8333333,29.08333333
2022.5.15,광양항광양냉장태양광,4305200,16.29583333,0,1.583333333,236.2916667,39.70833333
2022.5.16,광양항광양냉장태양광,4434406,18.51249983,0,1.516666667,231.25,41.20833333
2022.5.17,광양항광양냉장태양광,3920480,20.02916654,0,1.6,224.0833333,51.625
2022.5.18,광양항광양냉장태양광,4164426,20.90833333,0,1.558333333,239.125,40.33333333
2022.5.19,광양항광양냉장태양광,2709431,19.93333342,0,1.304166667,234.4583333,49.04166667
2022.5.20,광양항광양냉장태양광,2362796,19.93333313,0,1.291666667,248.625,68.54166667
2022.5.21,광양항광양냉장태양광,4177442,22.75833313,0,1.916666667,242.4166667,49.66666667
2022.5.22,광양항광양냉장태양광,4122963,24.47500008,0,2.033333333,249.3333333,50.5
2022.5.23,광양항광양냉장태양광,3490925,22.29999979,0,1.3375,199.5,64.625
2022.5.24,광양항광양냉장태양광,3871789,23.68333354,0,1.2,200.7083333,51.79166667
2022.5.25,광양항광양냉장태양광,3880947,22.79166675,0,2.325,244.5,55.08333333
2022.5.26,광양항광양냉장태양광,4117180,21.34166654,0,1.920833333,276,37.83333333
2022.5.27,광양항광양냉장태양광,4317734,22.44583342,0,1.966666667,250.6666667,51.16666667
2022.5.28,광양항광양냉장태양광,3245052,22.36666671,0,1.495833333,235.7083333,46.83333333
2022.5.29,광양항광양냉장태양광,4068967,22.18333325,0,1.941666667,134.3333333,58.45833333
2022.5.30,광양항광양냉장태양광,1918296,18.525,-0.041666667,1.920833333,244.625,61.79166667
2022.5.31,광양항광양냉장태양광,4376070,22.9541665,0,1.529166667,213.375,47.58333333
2022.6.1,광양항광양냉장태양광,3981707,18.152174,-0.041666667,1.358333333,214.7391304,57.86956522
2022.6.2,광양항광양냉장태양광,4244936,23.44583333,0,1.483333333,241.7083333,66.75
2022.6.3,광양항광양냉장태양광,4016902,22.93333325,0,2.145833333,112.25,63.5
2022.6.4,광양항광양냉장태양광,3465373,22.3916665,0.1875,3.158333333,86.875,54.75
2022.6.5,광양항광양냉장태양광,546225,14.43750012,1.183333333,2.575,99.54166667,89.25
2022.6.6,광양항광양냉장태양광,3458623,15.03750008,-0.083333333,1.870833333,126.5833333,66.83333333
2022.6.7,광양항광양냉장태양광,1865749,9.69166675,-0.1,1.608333333,92.625,66.66666667
2022.6.8,광양항광양냉장태양광,2101978,15.72083346,-0.041666667,1.375,105.5416667,75.04166667
2022.6.9,광양항광양냉장태양광,3883357,20.39583333,0,1.466666667,191.2916667,70.16666667
2022.6.10,광양항광양냉장태양광,3188162,21.60000008,0,1.2625,179.75,69.16666667
2022.6.11,광양항광양냉장태양광,3168395,22.93750008,-0.041666667,2.025,112.9166667,65.83333333
2022.6.12,광양항광양냉장태양광,3494299,21.41666671,0,2.295833333,97.29166667,69.58333333
2022.6.13,광양항광양냉장태양광,1544663,19.1625,0.108333333,4.283333333,74.45833333,77.16666667
2022.6.14,광양항광양냉장태양광,1741365,18.01666646,0,3.020833333,111.3333333,81.29166667
2022.6.15,광양항광양냉장태양광,3026657,22.04583325,0,2.220833333,239.5,78.45833333
2022.6.16,광양항광양냉장태양광,3842863,23.675,0,1.825,234.375,69
2022.6.17,광양항광양냉장태양광,3515512,24.11249992,0.066666667,1.370833333,230.6666667,77.125
2022.6.18,광양항광양냉장태양광,4196727,25.41666671,0,1.8,244.875,72.875
2022.6.19,광양항광양냉장태양광,4151410,25.85833321,0,1.729166667,206.375,75.54166667
2022.6.20,광양항광양냉장태양광,3431145,25.60000008,0,1.783333333,123.3333333,75.25
2022.6.21,광양항광양냉장태양광,3917588,26.80833304,0,1.6125,210.6666667,72.54166667
2022.6.22,광양항광양냉장태양광,4111394,24.89166675,-0.029166667,1.641666667,170.0416667,74.875
2022.6.23,광양항광양냉장태양광,1152714,24.60833317,1.9125,2.35,226.2083333,89.45833333
2022.6.24,광양항광양냉장태양광,2497787,24.63750004,0.016666667,2.079166667,254.875,88.875
2022.6.25,광양항광양냉장태양광,2174297,25.18333321,0.004166667,1.479166667,233.125,85.45833333
2022.6.26,광양항광양냉장태양광,1574556,26.22083317,0.05,1.908333333,212.7083333,88.04166667
2022.6.27,광양항광양냉장태양광,1011940,25.10833333,0.1875,2.633333333,219.125,93.66666667
2022.6.28,광양항광양냉장태양광,1380749,25.04999992,0.325,2.716666667,219.4583333,93
2022.6.29,광양항광양냉장태양광,1790541,25.25000012,0.479166667,2.041666667,234.8333333,93.91666667
2022.6.30,광양항광양냉장태양광,3956637,26.52916675,0,1.704166667,181.6666667,84.25